,Item,Year,Emission Intensity,yhat1
0,Cereals Exc Rice,31-12-1961,5171.320544,5140.258789
1,Cereals Exc Rice,31-12-1962,5876.892264,5619.749023
2,Cereals Exc Rice,31-12-1963,5699.629154,6109.321777
3,Cereals Exc Rice,31-12-1964,5628.146713,6334.428711
4,Cereals Exc Rice,31-12-1965,5571.215786,6783.06543
5,Cereals Exc Rice,31-12-1966,5949.602314,7212.463379
6,Cereals Exc Rice,31-12-1967,6640.887296,7651.942383
7,Cereals Exc Rice,31-12-1968,7690.846203,7826.821289
8,Cereals Exc Rice,31-12-1969,8078.574412,8246.154297
9,Cereals Exc Rice,31-12-1970,8287.122949,8603.576172
10,Cereals Exc Rice,31-12-1971,9430.283437,8956.630859
11,Cereals Exc Rice,31-12-1972,9226.457878,9044.849609
12,Cereals Exc Rice,31-12-1973,9609.602126,9377.757813
13,Cereals Exc Rice,31-12-1974,8734.562674,9824.367188
14,Cereals Exc Rice,31-12-1975,10373.91477,10590.94922
15,Cereals Exc Rice,31-12-1976,10716.34533,11093.8252
16,Cereals Exc Rice,31-12-1977,11715.5929,11840.25977
17,Cereals Exc Rice,31-12-1978,12790.67034,12596.76172
18,Cereals Exc Rice,31-12-1979,12838.72255,13291.34082
19,Cereals Exc Rice,31-12-1980,13357.30336,13686.19434
20,Cereals Exc Rice,31-12-1981,13831.5921,14324.90332
21,Cereals Exc Rice,31-12-1982,14305.3983,14973.68164
22,Cereals Exc Rice,31-12-1983,15509.80624,15646.59277
23,Cereals Exc Rice,31-12-1984,16221.39632,16204.99707
24,Cereals Exc Rice,31-12-1985,17687.27261,17006.81055
25,Cereals Exc Rice,31-12-1986,18272.05943,17818.6875
26,Cereals Exc Rice,31-12-1987,17502.38532,18640.64648
27,Cereals Exc Rice,31-12-1988,19777.6045,19322.89063
28,Cereals Exc Rice,31-12-1989,20400.49028,20369.09961
29,Cereals Exc Rice,31-12-1990,20823.86873,21425.37695
30,Cereals Exc Rice,31-12-1991,21724.04927,22491.73633
31,Cereals Exc Rice,31-12-1992,21519.32863,23295.20703
32,Cereals Exc Rice,31-12-1993,23387.3796,24161.13477
33,Cereals Exc Rice,31-12-1994,24145.821,25022.40039
34,Cereals Exc Rice,31-12-1995,25780.24925,25893.74609
35,Cereals Exc Rice,31-12-1996,26674.2906,26501.67578
36,Cereals Exc Rice,31-12-1997,26412.20505,27173.10938
37,Cereals Exc Rice,31-12-1998,28324.65321,27509.15625
38,Cereals Exc Rice,31-12-1999,28188.72682,27855.28516
39,Cereals Exc Rice,31-12-2000,28196.05483,27936.55469
40,Cereals Exc Rice,31-12-2001,27466.09443,28262.53711
41,Cereals Exc Rice,31-12-2002,26105.58958,29123.24609
42,Cereals Exc Rice,31-12-2003,26945.11494,30159.67188
43,Cereals Exc Rice,31-12-2004,29321.81862,30933.13477
44,Cereals Exc Rice,31-12-2005,30754.33416,31949.41602
45,Cereals Exc Rice,31-12-2006,31939.10227,32952.54297
46,Cereals Exc Rice,31-12-2007,34310.55144,33858.41406
47,Cereals Exc Rice,31-12-2008,34922.94548,34500.96094
48,Cereals Exc Rice,31-12-2009,36436.23822,35386.6875
49,Cereals Exc Rice,31-12-2010,38521.28621,36282.46875
50,Cereals Exc Rice,31-12-2011,39669.51434,37188.33984
51,Cereals Exc Rice,31-12-2012,38672.67918,37830.88672
52,Cereals Exc Rice,31-12-2013,39252.45298,38716.60938
53,Cereals Exc Rice,31-12-2014,39119.23948,39612.39844
54,Cereals Exc Rice,31-12-2015,39472.373,40518.26953
55,Cereals Exc Rice,31-12-2016,39354.7062,41160.8125
56,Cereals Exc Rice,31-12-2017,39579.64702,42046.54297
57,Cereals Exc Rice,31-12-2018,40131.11902,41893.79688
58,Cereals Exc Rice,31-12-2019,40584.89834,42749.42578
59,Cereals Exc Rice,31-12-2020,41097.68407,43615.08203
60,Cereals Exc Rice,31-12-2021,41827.13357,44378.03906
61,Cereals Exc Rice,31-12-2022,42325.83249,45223.71484
62,Cereals Exc Rice,31-12-2023,42709.21734,46079.35547
63,Cereals Exc Rice,31-12-2024,43572.77871,46945
64,Cereals Exc Rice,31-12-2025,44320.83756,47707.96875
65,Cereals Exc Rice,31-12-2026,44600.95447,48553.65234
66,Cereals Exc Rice,31-12-2027,45495.41065,49409.28125
67,Cereals Exc Rice,31-12-2028,45582.8151,50274.9375
68,Cereals Exc Rice,31-12-2029,46334.20093,51037.89453
69,Cereals Exc Rice,31-12-2030,47024.42619,51883.57813
70,Cereals Exc Rice,31-12-2031,47474.29067,52739.21094
71,Cereals Exc Rice,31-12-2032,48138.30027,53604.86328
72,Cereals Exc Rice,31-12-2033,48793.90007,54367.82422
73,Cereals Exc Rice,31-12-2034,49222.83394,55213.5
74,Cereals Exc Rice,31-12-2035,49903.05919,56069.13672
75,Cereals Exc Rice,31-12-2036,50500.06129,56934.78516
76,Cereals Exc Rice,31-12-2037,50811.27811,57697.75
77,Cereals Exc Rice,31-12-2038,51660.37507,58543.41797
78,Cereals Exc Rice,31-12-2039,52097.91443,59399.06641
79,Cereals Exc Rice,31-12-2040,52689.43154,60264.71875
80,Cereals Exc Rice,31-12-2041,53411.23696,61027.67969
81,Cereals Exc Rice,31-12-2042,53835.8071,61873.34766
82,Cereals Exc Rice,31-12-2043,54426.962,62728.99609
83,Cereals Exc Rice,31-12-2044,55091.99856,63594.64063
84,Cereals Exc Rice,31-12-2045,55523.95889,64357.59766
85,Cereals Exc Rice,31-12-2046,56148.76756,65203.27344
86,Cereals Exc Rice,31-12-2047,56810.82458,66058.91406
87,Cereals Exc Rice,31-12-2048,57219.68381,66924.5625
88,Cereals Exc Rice,31-12-2049,57963.13625,67687.53125
89,Cereals Exc Rice,31-12-2050,58493.1274,68533.20313
90,Cereals Exc Rice,31-12-2051,58976.34147,69388.84375
91,Cereals Exc Rice,31-12-2052,59675.69573,70254.5
92,Cereals Exc Rice,31-12-2053,60163.81737,71017.46875
93,Cereals Exc Rice,31-12-2054,60711.94213,71863.125
94,Cereals Exc Rice,31-12-2055,61394.6834,72718.78125
95,Cereals Exc Rice,31-12-2056,61875.85432,73584.42188
96,Cereals Exc Rice,31-12-2057,62459.7564,74347.375
97,Cereals Exc Rice,31-12-2058,63126.78747,75193.0625
98,Cereals Exc Rice,31-12-2059,63568.69429,76048.70313
99,Cereals Exc Rice,31-12-2060,64216.50913,76914.34375
100,Cereals Exc Rice,31-12-2061,64807.28683,77677.3125
101,Cereals Exc Rice,31-12-2062,65283.04486,78522.98438
102,Cereals Exc Rice,31-12-2063,65954.78199,79378.625
103,Cereals Exc Rice,31-12-2064,66503.61113,80244.28125
104,Cereals Exc Rice,31-12-2065,67021.00944,81007.23438
105,Cereals Exc Rice,31-12-2066,67685.516,81852.90625
106,Cereals Exc Rice,31-12-2067,68203.23479,82708.54688
0,Egg Hen in Shell,31-12-1961,210.260403,224.0045471
1,Egg Hen in Shell,31-12-1962,227.7997693,233.7316895
2,Egg Hen in Shell,31-12-1963,234.4406762,242.9689026
3,Egg Hen in Shell,31-12-1964,234.0773548,244.2601013
4,Egg Hen in Shell,31-12-1965,221.4358274,258.477356
5,Egg Hen in Shell,31-12-1966,237.0435481,277.837677
6,Egg Hen in Shell,31-12-1967,274.7454231,296.708313
7,Egg Hen in Shell,31-12-1968,286.4270889,307.6591797
8,Egg Hen in Shell,31-12-1969,301.9938697,327.5113831
9,Egg Hen in Shell,31-12-1970,304.8101953,357.789093
10,Egg Hen in Shell,31-12-1971,328.9736693,389.7685547
11,Egg Hen in Shell,31-12-1972,380.6652772,413.8640747
12,Egg Hen in Shell,31-12-1973,432.0744794,446.8251343
13,Egg Hen in Shell,31-12-1974,453.8399763,470.2427979
14,Egg Hen in Shell,31-12-1975,505.3267757,466.104248
15,Egg Hen in Shell,31-12-1976,532.1712154,453.9828796
16,Egg Hen in Shell,31-12-1977,531.7667143,450.8260498
17,Egg Hen in Shell,31-12-1978,456.0832825,447.1773071
18,Egg Hen in Shell,31-12-1979,407.4975369,458.1303711
19,Egg Hen in Shell,31-12-1980,474.0784485,468.6498413
20,Egg Hen in Shell,31-12-1981,455.078538,488.0718689
21,Egg Hen in Shell,31-12-1982,466.0692498,507.0019836
22,Egg Hen in Shell,31-12-1983,444.5250345,525.2888184
23,Egg Hen in Shell,31-12-1984,507.6691895,534.0222778
24,Egg Hen in Shell,31-12-1985,535.6059231,551.663147
25,Egg Hen in Shell,31-12-1986,528.7613653,568.8121338
26,Egg Hen in Shell,31-12-1987,541.1231894,585.4713135
27,Egg Hen in Shell,31-12-1988,584.7352626,603.0435791
28,Egg Hen in Shell,31-12-1989,649.0334522,638.128418
29,Egg Hen in Shell,31-12-1990,690.3573655,672.7211914
30,Egg Hen in Shell,31-12-1991,696.7293834,706.8244629
31,Egg Hen in Shell,31-12-1992,670.7333077,733.0494385
32,Egg Hen in Shell,31-12-1993,663.1468669,756.9036865
33,Egg Hen in Shell,31-12-1994,746.2800414,779.3486328
34,Egg Hen in Shell,31-12-1995,795.3263484,801.3037109
35,Egg Hen in Shell,31-12-1996,810.6727616,815.3476563
36,Egg Hen in Shell,31-12-1997,787.2107115,857.0603638
37,Egg Hen in Shell,31-12-1998,887.1557633,934.3624268
38,Egg Hen in Shell,31-12-1999,949.2433204,1011.174927
39,Egg Hen in Shell,31-12-2000,1093.416117,1080.226074
40,Egg Hen in Shell,31-12-2001,1132.401246,1158.020508
41,Egg Hen in Shell,31-12-2002,1242.204067,1225.054443
42,Egg Hen in Shell,31-12-2003,1255.573804,1288.3573
43,Egg Hen in Shell,31-12-2004,1333.919898,1343.861572
44,Egg Hen in Shell,31-12-2005,1371.026601,1408.146118
45,Egg Hen in Shell,31-12-2006,1426.99173,1477.170898
46,Egg Hen in Shell,31-12-2007,1554.678914,1569.897705
47,Egg Hen in Shell,31-12-2008,1639.240494,1654.907349
48,Egg Hen in Shell,31-12-2009,1766.543003,1748.615845
49,Egg Hen in Shell,31-12-2010,1875.561509,1841.832031
50,Egg Hen in Shell,31-12-2011,1922.155963,1934.55896
51,Egg Hen in Shell,31-12-2012,1979.091225,2019.567993
52,Egg Hen in Shell,31-12-2013,1986.481442,2113.276611
53,Egg Hen in Shell,31-12-2014,2191.047587,2206.493164
54,Egg Hen in Shell,31-12-2015,2324.918409,2299.219971
55,Egg Hen in Shell,31-12-2016,2407.905732,2384.229248
56,Egg Hen in Shell,31-12-2017,2639.976231,2477.937988
57,Egg Hen in Shell,31-12-2018,2594.558026,2464.802246
58,Egg Hen in Shell,31-12-2019,2732.001252,2559.99292
59,Egg Hen in Shell,31-12-2020,2906.07892,2654.688965
60,Egg Hen in Shell,31-12-2021,2873.994244,2733.775146
61,Egg Hen in Shell,31-12-2022,3081.893503,2829.462891
62,Egg Hen in Shell,31-12-2023,3136.766834,2924.654053
63,Egg Hen in Shell,31-12-2024,3219.264846,3019.350342
64,Egg Hen in Shell,31-12-2025,3449.368212,3098.436768
65,Egg Hen in Shell,31-12-2026,3429.193378,3194.124512
66,Egg Hen in Shell,31-12-2027,3543.152433,3289.315674
67,Egg Hen in Shell,31-12-2028,3669.516732,3384.011475
68,Egg Hen in Shell,31-12-2029,3684.907342,3463.0979
69,Egg Hen in Shell,31-12-2030,3858.45851,3558.785156
70,Egg Hen in Shell,31-12-2031,3969.73828,3653.976563
71,Egg Hen in Shell,31-12-2032,3995.722125,3748.672607
72,Egg Hen in Shell,31-12-2033,4139.837842,3827.758545
73,Egg Hen in Shell,31-12-2034,4217.188395,3923.446289
74,Egg Hen in Shell,31-12-2035,4310.46564,4018.637207
75,Egg Hen in Shell,31-12-2036,4408.020272,4113.333008
76,Egg Hen in Shell,31-12-2037,4418.566305,4192.418945
77,Egg Hen in Shell,31-12-2038,4497.756013,4288.107422
78,Egg Hen in Shell,31-12-2039,4550.829299,4383.298828
79,Egg Hen in Shell,31-12-2040,4586.298982,4477.995117
80,Egg Hen in Shell,31-12-2041,4709.067677,4557.081055
81,Egg Hen in Shell,31-12-2042,4775.304854,4652.768555
82,Egg Hen in Shell,31-12-2043,4774.040118,4747.959961
83,Egg Hen in Shell,31-12-2044,4848.986784,4842.655762
84,Egg Hen in Shell,31-12-2045,4890.634838,4921.742188
85,Egg Hen in Shell,31-12-2046,4929.281004,5017.429688
86,Egg Hen in Shell,31-12-2047,4964.148465,5112.620605
87,Egg Hen in Shell,31-12-2048,4994.812589,5207.316895
88,Egg Hen in Shell,31-12-2049,5075.174524,5286.402832
89,Egg Hen in Shell,31-12-2050,5086.474648,5382.09082
90,Egg Hen in Shell,31-12-2051,5108.680193,5477.28125
91,Egg Hen in Shell,31-12-2052,5147.86661,5571.978027
92,Egg Hen in Shell,31-12-2053,5123.393752,5651.064453
93,Egg Hen in Shell,31-12-2054,5129.313669,5746.751953
94,Egg Hen in Shell,31-12-2055,5153.361888,5841.943359
95,Egg Hen in Shell,31-12-2056,5178.306799,5936.63916
96,Egg Hen in Shell,31-12-2057,5198.98214,6015.725586
97,Egg Hen in Shell,31-12-2058,5174.488392,6111.413086
98,Egg Hen in Shell,31-12-2059,5200.49717,6206.603516
99,Egg Hen in Shell,31-12-2060,5201.60691,6301.300293
100,Egg Hen in Shell,31-12-2061,5190.5753,6380.385742
101,Egg Hen in Shell,31-12-2062,5241.035056,6476.074219
102,Egg Hen in Shell,31-12-2063,5216.692733,6571.265137
103,Egg Hen in Shell,31-12-2064,5210.119938,6665.960449
104,Egg Hen in Shell,31-12-2065,5224.167693,6745.046875
105,Egg Hen in Shell,31-12-2066,5212.003319,6840.734375
106,Egg Hen in Shell,31-12-2067,5224.857046,6935.92627
0,Meat Cattle,31-12-1961,111792.271,111904.8828
1,Meat Cattle,31-12-1962,112387.6603,112270.5859
2,Meat Cattle,31-12-1963,114318.0488,112639.2813
3,Meat Cattle,31-12-1964,115059.5832,113093.625
4,Meat Cattle,31-12-1965,111166.2872,113252.3828
5,Meat Cattle,31-12-1966,113890.2323,113126.875
6,Meat Cattle,31-12-1967,113231.9301,113004.3594
7,Meat Cattle,31-12-1968,113378.5254,112966.1406
8,Meat Cattle,31-12-1969,114305.9948,112837.5625
9,Meat Cattle,31-12-1970,113373.6868,112796.7891
10,Meat Cattle,31-12-1971,111901.1515,112776.0313
11,Meat Cattle,31-12-1972,113923.7165,112839.8281
12,Meat Cattle,31-12-1973,113079.3003,112813
13,Meat Cattle,31-12-1974,113738.1127,112889.3594
14,Meat Cattle,31-12-1975,113233.1227,113268.1328
15,Meat Cattle,31-12-1976,112282.2716,113732.5625
16,Meat Cattle,31-12-1977,113639.4509,114105.2656
17,Meat Cattle,31-12-1978,114105.343,114481.0313
18,Meat Cattle,31-12-1979,115996.0554,115411.2422
19,Meat Cattle,31-12-1980,117316.0177,116702.9453
20,Meat Cattle,31-12-1981,120065.8764,117900.6641
21,Meat Cattle,31-12-1982,119960.485,119101.4531
22,Meat Cattle,31-12-1983,120593.4392,120250.0313
23,Meat Cattle,31-12-1984,121785.5651,120899.3828
24,Meat Cattle,31-12-1985,121966.3076,121456.5
25,Meat Cattle,31-12-1986,121654.6183,122016.6797
26,Meat Cattle,31-12-1987,121629.9006,122579.8594
27,Meat Cattle,31-12-1988,121975.1376,122989.8438
28,Meat Cattle,31-12-1989,123070.259,123074.5469
29,Meat Cattle,31-12-1990,123915.6317,123162.3203
30,Meat Cattle,31-12-1991,124531.7408,123253.0938
31,Meat Cattle,31-12-1992,123260.8444,123428.7344
32,Meat Cattle,31-12-1993,121855.4017,122287.2031
33,Meat Cattle,31-12-1994,120589.0352,121048.5625
34,Meat Cattle,31-12-1995,120099.0489,119812.9219
35,Meat Cattle,31-12-1996,119579.6705,118658.5313
36,Meat Cattle,31-12-1997,117253.985,117114.6719
37,Meat Cattle,31-12-1998,115924.7122,114993.2109
38,Meat Cattle,31-12-1999,114889.891,112874.75
39,Meat Cattle,31-12-2000,112982.1103,110835.1172
40,Meat Cattle,31-12-2001,110080.7991,108710.5859
41,Meat Cattle,31-12-2002,108132.6119,109156.7734
42,Meat Cattle,31-12-2003,108555.028,110416.5781
43,Meat Cattle,31-12-2004,110622.5133,111764.4531
44,Meat Cattle,31-12-2005,112603.3462,113018.1875
45,Meat Cattle,31-12-2006,113949.007,113730.9453
46,Meat Cattle,31-12-2007,113090.561,111931.3906
47,Meat Cattle,31-12-2008,111334.9448,110211.5313
48,Meat Cattle,31-12-2009,109361.5049,108405.9141
49,Meat Cattle,31-12-2010,107762.3804,106603.3672
50,Meat Cattle,31-12-2011,105701.6709,104803.8203
51,Meat Cattle,31-12-2012,104113.7933,103083.9688
52,Meat Cattle,31-12-2013,101975.5572,101278.3438
53,Meat Cattle,31-12-2014,99475.33824,99475.79688
54,Meat Cattle,31-12-2015,97404.04452,97676.25
55,Meat Cattle,31-12-2016,96652.76194,95956.39063
56,Meat Cattle,31-12-2017,95529.4544,94150.77344
57,Meat Cattle,31-12-2018,95559.15929,94264.63281
58,Meat Cattle,31-12-2019,95224.25925,92449.47656
59,Meat Cattle,31-12-2020,94417.10231,90637.55469
60,Meat Cattle,31-12-2021,93528.55073,88955.51563
61,Meat Cattle,31-12-2022,93124.68811,87137.07031
62,Meat Cattle,31-12-2023,93166.27496,85321.90625
63,Meat Cattle,31-12-2024,93656.23989,83509.98438
64,Meat Cattle,31-12-2025,94482.73264,81827.94531
65,Meat Cattle,31-12-2026,95194.80306,80009.48438
66,Meat Cattle,31-12-2027,96244.15397,78194.32813
67,Meat Cattle,31-12-2028,97205.21902,76382.41406
68,Meat Cattle,31-12-2029,98455.29839,74700.375
69,Meat Cattle,31-12-2030,99423.12665,72881.92188
70,Meat Cattle,31-12-2031,99296.30415,71066.76563
71,Meat Cattle,31-12-2032,98925.8765,69254.84375
72,Meat Cattle,31-12-2033,98261.4666,67572.80469
73,Meat Cattle,31-12-2034,98328.30383,65754.34375
74,Meat Cattle,31-12-2035,98168.59527,63939.19141
75,Meat Cattle,31-12-2036,98157.36833,62127.27734
76,Meat Cattle,31-12-2037,98166.71316,60445.23438
77,Meat Cattle,31-12-2038,98008.27668,58626.77734
78,Meat Cattle,31-12-2039,97954.40795,56811.60547
79,Meat Cattle,31-12-2040,97976.29646,54999.69141
80,Meat Cattle,31-12-2041,98804.25573,53317.66406
81,Meat Cattle,31-12-2042,100325.8676,51499.20703
82,Meat Cattle,31-12-2043,102166.009,49684.03516
83,Meat Cattle,31-12-2044,103572.9244,47872.12109
84,Meat Cattle,31-12-2045,104067.4671,46190.08984
85,Meat Cattle,31-12-2046,104289.4485,44371.63672
86,Meat Cattle,31-12-2047,104814.95,42556.48047
87,Meat Cattle,31-12-2048,106159.3565,40744.55078
88,Meat Cattle,31-12-2049,107985.9373,39062.51953
89,Meat Cattle,31-12-2050,109487.0432,37244.06641
90,Meat Cattle,31-12-2051,110465.3841,35428.91016
91,Meat Cattle,31-12-2052,110797.9176,33616.99219
92,Meat Cattle,31-12-2053,110720.1715,31934.9375
93,Meat Cattle,31-12-2054,110465.4726,30116.48438
94,Meat Cattle,31-12-2055,110217.9294,28301.32813
95,Meat Cattle,31-12-2056,110268.0315,26489.41406
96,Meat Cattle,31-12-2057,110042.0208,24807.36719
97,Meat Cattle,31-12-2058,109511.0522,22988.91406
98,Meat Cattle,31-12-2059,108461.8841,21173.75781
99,Meat Cattle,31-12-2060,107413.1677,19361.84375
100,Meat Cattle,31-12-2061,106844.8111,17679.79688
101,Meat Cattle,31-12-2062,106698.6173,15861.34375
102,Meat Cattle,31-12-2063,107144.9022,14046.1875
103,Meat Cattle,31-12-2064,107581.2323,12234.27344
104,Meat Cattle,31-12-2065,108071.7548,10552.24219
105,Meat Cattle,31-12-2066,108409.5764,8733.789063
106,Meat Cattle,31-12-2067,108773.367,6918.617188
0,Meat Buffalo,31-12-1961,59361.88908,58950.20703
1,Meat Buffalo,31-12-1962,59038.4734,59528.92578
2,Meat Buffalo,31-12-1963,60121.56122,60100.29297
3,Meat Buffalo,31-12-1964,60527.37029,60889.60547
4,Meat Buffalo,31-12-1965,60963.37728,61476.14063
5,Meat Buffalo,31-12-1966,63124.83952,62056.48047
6,Meat Buffalo,31-12-1967,63384.696,62629.46484
7,Meat Buffalo,31-12-1968,64235.64216,63420.40234
8,Meat Buffalo,31-12-1969,64886.29143,64007.88281
9,Meat Buffalo,31-12-1970,63952.33457,64624.34375
10,Meat Buffalo,31-12-1971,64464.15845,65240.70313
11,Meat Buffalo,31-12-1972,66319.45077,66075.14063
12,Meat Buffalo,31-12-1973,67510.16153,66705.99219
13,Meat Buffalo,31-12-1974,68058.22341,67456.78125
14,Meat Buffalo,31-12-1975,68082.68594,68580.20313
15,Meat Buffalo,31-12-1976,68666.78208,69923.08594
16,Meat Buffalo,31-12-1977,71986.0781,71061
17,Meat Buffalo,31-12-1978,72691.97087,72191.77344
18,Meat Buffalo,31-12-1979,73188.69994,73470.71094
19,Meat Buffalo,31-12-1980,74017.11153,75046.89844
20,Meat Buffalo,31-12-1981,76770.39957,76417.49219
21,Meat Buffalo,31-12-1982,78893.93741,77780.9375
22,Meat Buffalo,31-12-1983,78962.06889,79059.55469
23,Meat Buffalo,31-12-1984,80215.98989,79734.25
24,Meat Buffalo,31-12-1985,82278.36103,80205.8125
25,Meat Buffalo,31-12-1986,80432.59916,80670.23438
26,Meat Buffalo,31-12-1987,81280.20265,81127.29688
27,Meat Buffalo,31-12-1988,81016.80222,82368.69531
28,Meat Buffalo,31-12-1989,83017.88523,83958.65625
29,Meat Buffalo,31-12-1990,83366.56993,85541.46875
30,Meat Buffalo,31-12-1991,88625.42499,87116.92969
31,Meat Buffalo,31-12-1992,90188.6659,88913.09375
32,Meat Buffalo,31-12-1993,90535.76744,90004.9375
33,Meat Buffalo,31-12-1994,91383.07287,91048.95313
34,Meat Buffalo,31-12-1995,92197.79263,92085.60938
35,Meat Buffalo,31-12-1996,93825.70916,93341.5
36,Meat Buffalo,31-12-1997,93917.82711,94503.74219
37,Meat Buffalo,31-12-1998,96350.23415,95872.32813
38,Meat Buffalo,31-12-1999,98062.38669,97233.54688
39,Meat Buffalo,31-12-2000,98526.37556,98814.89063
40,Meat Buffalo,31-12-2001,99846.60159,100190.625
41,Meat Buffalo,31-12-2002,101664.5991,101541.9063
42,Meat Buffalo,31-12-2003,102602.6038,102880.3594
43,Meat Buffalo,31-12-2004,103853.3889,104438.875
44,Meat Buffalo,31-12-2005,105642.5027,105791.8281
45,Meat Buffalo,31-12-2006,106908.0609,106879.2969
46,Meat Buffalo,31-12-2007,107424.3278,106765.0469
47,Meat Buffalo,31-12-2008,107648.5265,106866.8594
48,Meat Buffalo,31-12-2009,107261.7168,106767.1094
49,Meat Buffalo,31-12-2010,106634.5389,106660.2031
50,Meat Buffalo,31-12-2011,106914.9752,106545.9453
51,Meat Buffalo,31-12-2012,106975.9449,106647.7656
52,Meat Buffalo,31-12-2013,107162.3609,106548.0156
53,Meat Buffalo,31-12-2014,106316.1529,106441.1094
54,Meat Buffalo,31-12-2015,106415.5782,106326.8516
55,Meat Buffalo,31-12-2016,106910.0847,106428.6719
56,Meat Buffalo,31-12-2017,106696.8353,106328.9141
57,Meat Buffalo,31-12-2018,106848.8914,106468.0078
58,Meat Buffalo,31-12-2019,106924.637,106388.4688
59,Meat Buffalo,31-12-2020,106982.3914,106302.3906
60,Meat Buffalo,31-12-2021,106969.7212,106322.1094
61,Meat Buffalo,31-12-2022,107375.367,106248.9141
62,Meat Buffalo,31-12-2023,107781.7845,106169.375
63,Meat Buffalo,31-12-2024,108144.2224,106083.2969
64,Meat Buffalo,31-12-2025,108362.1208,106103.0156
65,Meat Buffalo,31-12-2026,109126.3481,106029.8125
66,Meat Buffalo,31-12-2027,109892.1454,105950.2813
67,Meat Buffalo,31-12-2028,110508.4613,105864.2031
68,Meat Buffalo,31-12-2029,111059.1457,105883.9219
69,Meat Buffalo,31-12-2030,111450.6369,105810.7188
70,Meat Buffalo,31-12-2031,111869.7268,105731.1797
71,Meat Buffalo,31-12-2032,112552.3017,105645.1016
72,Meat Buffalo,31-12-2033,112953.2516,105664.8125
73,Meat Buffalo,31-12-2034,113174.4866,105591.625
74,Meat Buffalo,31-12-2035,113611.4907,105512.0781
75,Meat Buffalo,31-12-2036,114104.0147,105426
76,Meat Buffalo,31-12-2037,114698.2259,105445.7188
77,Meat Buffalo,31-12-2038,114949.3376,105372.5313
78,Meat Buffalo,31-12-2039,115199.1665,105292.9844
79,Meat Buffalo,31-12-2040,115438.593,105206.9063
80,Meat Buffalo,31-12-2041,115437.7823,105226.625
81,Meat Buffalo,31-12-2042,115475.5998,105153.4297
82,Meat Buffalo,31-12-2043,115486.2432,105073.8906
83,Meat Buffalo,31-12-2044,115351.5558,104987.8125
84,Meat Buffalo,31-12-2045,114955.313,105007.5313
85,Meat Buffalo,31-12-2046,114802.925,104934.3359
86,Meat Buffalo,31-12-2047,114672.7685,104854.7969
87,Meat Buffalo,31-12-2048,114631.1106,104768.7188
88,Meat Buffalo,31-12-2049,114455.1751,104788.4375
89,Meat Buffalo,31-12-2050,114235.4453,104715.2344
90,Meat Buffalo,31-12-2051,114157.0734,104635.7031
91,Meat Buffalo,31-12-2052,114112.0675,104549.625
92,Meat Buffalo,31-12-2053,114070.0982,104569.3359
93,Meat Buffalo,31-12-2054,113970.3585,104496.1406
94,Meat Buffalo,31-12-2055,113806.7817,104416.6016
95,Meat Buffalo,31-12-2056,113805.5678,104330.5234
96,Meat Buffalo,31-12-2057,113925.7733,104350.2344
97,Meat Buffalo,31-12-2058,114001.3916,104277.0469
98,Meat Buffalo,31-12-2059,114152.5205,104197.5
99,Meat Buffalo,31-12-2060,114345.4439,104111.4219
100,Meat Buffalo,31-12-2061,114587.3294,104131.1406
101,Meat Buffalo,31-12-2062,114874.6016,104057.9531
102,Meat Buffalo,31-12-2063,115210.946,103978.4063
103,Meat Buffalo,31-12-2064,115519.6948,103892.3281
104,Meat Buffalo,31-12-2065,115744.9735,103912.0469
105,Meat Buffalo,31-12-2066,115908.883,103838.8516
106,Meat Buffalo,31-12-2067,116133.0579,103759.3125
0,Meat Chicken,31-12-1961,302.442139,303.03479
1,Meat Chicken,31-12-1962,288.1021114,296.1244202
2,Meat Chicken,31-12-1963,281.672667,289.582428
3,Meat Chicken,31-12-1964,285.9745228,278.5399475
4,Meat Chicken,31-12-1965,287.4764788,275.4814453
5,Meat Chicken,31-12-1966,276.328747,278.7424927
6,Meat Chicken,31-12-1967,298.5796933,282.3719482
7,Meat Chicken,31-12-1968,315.3383916,281.528717
8,Meat Chicken,31-12-1969,322.5012111,284.4200745
9,Meat Chicken,31-12-1970,313.41691,292.7327271
10,Meat Chicken,31-12-1971,328.16446,302.4277954
11,Meat Chicken,31-12-1972,297.1963909,307.6668091
12,Meat Chicken,31-12-1973,270.7075286,316.6237488
13,Meat Chicken,31-12-1974,274.2406466,329.3871155
14,Meat Chicken,31-12-1975,268.1477021,352.7955322
15,Meat Chicken,31-12-1976,220.8133527,371.7855835
16,Meat Chicken,31-12-1977,263.5012338,394.4559326
17,Meat Chicken,31-12-1978,422.4404507,417.4960327
18,Meat Chicken,31-12-1979,512.8511252,447.6574097
19,Meat Chicken,31-12-1980,473.8983902,476.7781677
20,Meat Chicken,31-12-1981,493.683132,509.5516357
21,Meat Chicken,31-12-1982,481.7837217,542.6948853
22,Meat Chicken,31-12-1983,613.3590382,575.2879028
23,Meat Chicken,31-12-1984,678.2472513,593.7211914
24,Meat Chicken,31-12-1985,720.9394393,615.8364258
25,Meat Chicken,31-12-1986,715.6027859,638.3212891
26,Meat Chicken,31-12-1987,683.6985485,661.1745605
27,Meat Chicken,31-12-1988,681.56308,671.1727295
28,Meat Chicken,31-12-1989,666.0857511,676.640686
29,Meat Chicken,31-12-1990,632.8880484,682.4782715
30,Meat Chicken,31-12-1991,648.0331328,688.6843262
31,Meat Chicken,31-12-1992,724.0922327,690.4247437
32,Meat Chicken,31-12-1993,774.1013752,719.2801514
33,Meat Chicken,31-12-1994,724.0949929,750.4156494
34,Meat Chicken,31-12-1995,682.1366262,781.9196167
35,Meat Chicken,31-12-1996,757.5908422,809.0272827
36,Meat Chicken,31-12-1997,828.0772221,847.3754272
37,Meat Chicken,31-12-1998,814.6359617,900.6643677
38,Meat Chicken,31-12-1999,840.8795209,954.3217163
39,Meat Chicken,31-12-2000,872.0799391,1003.643311
40,Meat Chicken,31-12-2001,903.8062228,1056.562744
41,Meat Chicken,31-12-2002,971.9937095,1125.672119
42,Meat Chicken,31-12-2003,1144.253544,1200.144897
43,Meat Chicken,31-12-2004,1244.802878,1270.338989
44,Meat Chicken,31-12-2005,1366.332929,1344.073364
45,Meat Chicken,31-12-2006,1510.018145,1409.922729
46,Meat Chicken,31-12-2007,1619.289153,1437.974365
47,Meat Chicken,31-12-2008,1597.067066,1461.620361
48,Meat Chicken,31-12-2009,1553.198448,1488.933838
49,Meat Chicken,31-12-2010,1483.002566,1516.617065
50,Meat Chicken,31-12-2011,1543.061045,1544.668701
51,Meat Chicken,31-12-2012,1612.15207,1568.314453
52,Meat Chicken,31-12-2013,1629.101675,1595.628174
53,Meat Chicken,31-12-2014,1630.835473,1623.311401
54,Meat Chicken,31-12-2015,1526.420869,1651.363037
55,Meat Chicken,31-12-2016,1584.512794,1675.008911
56,Meat Chicken,31-12-2017,1602.030735,1702.322632
57,Meat Chicken,31-12-2018,1630.340185,1701.98938
58,Meat Chicken,31-12-2019,1596.554731,1728.188843
59,Meat Chicken,31-12-2020,1559.328567,1754.760376
60,Meat Chicken,31-12-2021,1573.530248,1782.856445
61,Meat Chicken,31-12-2022,1581.968811,1808.683716
62,Meat Chicken,31-12-2023,1570.109082,1834.883179
63,Meat Chicken,31-12-2024,1584.00738,1861.45459
64,Meat Chicken,31-12-2025,1593.664699,1889.550903
65,Meat Chicken,31-12-2026,1592.938692,1915.378174
66,Meat Chicken,31-12-2027,1621.894527,1941.577637
67,Meat Chicken,31-12-2028,1633.557639,1968.149048
68,Meat Chicken,31-12-2029,1621.143201,1996.245239
69,Meat Chicken,31-12-2030,1635.657319,2022.07251
70,Meat Chicken,31-12-2031,1642.995227,2048.271973
71,Meat Chicken,31-12-2032,1623.196005,2074.843262
72,Meat Chicken,31-12-2033,1626.817364,2102.939453
73,Meat Chicken,31-12-2034,1625.722406,2128.766602
74,Meat Chicken,31-12-2035,1603.344047,2154.966064
75,Meat Chicken,31-12-2036,1606.595666,2181.537598
76,Meat Chicken,31-12-2037,1611.504116,2209.633789
77,Meat Chicken,31-12-2038,1592.950908,2235.460938
78,Meat Chicken,31-12-2039,1600.391674,2261.660645
79,Meat Chicken,31-12-2040,1612.402414,2288.231934
80,Meat Chicken,31-12-2041,1601.107835,2316.328125
81,Meat Chicken,31-12-2042,1609.928695,2342.155518
82,Meat Chicken,31-12-2043,1624.87552,2368.35498
83,Meat Chicken,31-12-2044,1613.155636,2394.92627
84,Meat Chicken,31-12-2045,1619.13873,2423.022705
85,Meat Chicken,31-12-2046,1631.35481,2448.849609
86,Meat Chicken,31-12-2047,1617.139208,2475.049316
87,Meat Chicken,31-12-2048,1616.825797,2501.620605
88,Meat Chicken,31-12-2049,1627.125326,2529.717041
89,Meat Chicken,31-12-2050,1611.235732,2555.543945
90,Meat Chicken,31-12-2051,1608.957609,2581.743408
91,Meat Chicken,31-12-2052,1619.412767,2608.314941
92,Meat Chicken,31-12-2053,1606.432421,2636.411377
93,Meat Chicken,31-12-2054,1604.125961,2662.23877
94,Meat Chicken,31-12-2055,1617.937514,2688.438232
95,Meat Chicken,31-12-2056,1607.948946,2715.009521
96,Meat Chicken,31-12-2057,1606.626773,2743.105713
97,Meat Chicken,31-12-2058,1621.390287,2768.932861
98,Meat Chicken,31-12-2059,1613.751203,2795.132324
99,Meat Chicken,31-12-2060,1610.352778,2821.703857
100,Meat Chicken,31-12-2061,1624.781448,2849.800049
101,Meat Chicken,31-12-2062,1616.66182,2875.627197
102,Meat Chicken,31-12-2063,1611.023778,2901.826904
103,Meat Chicken,31-12-2064,1623.394218,2928.398193
104,Meat Chicken,31-12-2065,1615.94795,2956.494141
105,Meat Chicken,31-12-2066,1607.928799,2982.321533
106,Meat Chicken,31-12-2067,1620.171416,3008.520996
0,Meat Goat,31-12-1961,12350.11268,11991.75098
1,Meat Goat,31-12-1962,12289.16149,12128.10059
2,Meat Goat,31-12-1963,12262.49252,12260.41016
3,Meat Goat,31-12-1964,12555.71212,12379.9043
4,Meat Goat,31-12-1965,12595.10993,12488.78418
5,Meat Goat,31-12-1966,12791.70647,12549.32129
6,Meat Goat,31-12-1967,12439.09438,12605.81934
7,Meat Goat,31-12-1968,12818.78793,12649.29395
8,Meat Goat,31-12-1969,13345.80037,12713.82617
9,Meat Goat,31-12-1970,12753.54586,13050.80371
10,Meat Goat,31-12-1971,12943.35107,13439.23145
11,Meat Goat,31-12-1972,13030.73117,13815.54395
12,Meat Goat,31-12-1973,13652.40413,14212.00684
13,Meat Goat,31-12-1974,13546.50634,14596.25195
14,Meat Goat,31-12-1975,13933.36923,14951.86914
15,Meat Goat,31-12-1976,14485.70995,15295.2832
16,Meat Goat,31-12-1977,14592.18609,15658.93555
17,Meat Goat,31-12-1978,15654.40981,16018.59375
18,Meat Goat,31-12-1979,16510.83297,16492.13867
19,Meat Goat,31-12-1980,16941.22237,17012.46484
20,Meat Goat,31-12-1981,17736.09407,17552.55078
21,Meat Goat,31-12-1982,18464.30207,18088.64063
22,Meat Goat,31-12-1983,18880.85947,18596.32031
23,Meat Goat,31-12-1984,18709.53723,18833.08984
24,Meat Goat,31-12-1985,18868.53379,19090.39258
25,Meat Goat,31-12-1986,19912.65892,19343.69922
26,Meat Goat,31-12-1987,20798.05357,19592.9668
27,Meat Goat,31-12-1988,20617.39564,19769.81836
28,Meat Goat,31-12-1989,19956.67724,19908.86719
29,Meat Goat,31-12-1990,19362.17951,20043.91992
30,Meat Goat,31-12-1991,19818.74663,20174.93164
31,Meat Goat,31-12-1992,19944.074,20293.125
32,Meat Goat,31-12-1993,19722.63865,20451.20703
33,Meat Goat,31-12-1994,20273.51331,20606.84961
34,Meat Goat,31-12-1995,20908.53508,20758.45313
35,Meat Goat,31-12-1996,21542.66778,20897.29297
36,Meat Goat,31-12-1997,21853.19009,21017.46289
37,Meat Goat,31-12-1998,21114.88298,21057.79297
38,Meat Goat,31-12-1999,20722.18037,21094.08594
39,Meat Goat,31-12-2000,20762.02101,21117.29883
40,Meat Goat,31-12-2001,20237.34987,21161.62695
41,Meat Goat,31-12-2002,19965.39599,21434.03516
42,Meat Goat,31-12-2003,20885.52256,21775.67188
43,Meat Goat,31-12-2004,22000.56457,22105.0625
44,Meat Goat,31-12-2005,22823.79421,22454.73438
45,Meat Goat,31-12-2006,23361.12711,22719.21875
46,Meat Goat,31-12-2007,23443.45984,22604.29492
47,Meat Goat,31-12-2008,23268.5512,22475.87891
48,Meat Goat,31-12-2009,22877.34358,22368.99219
49,Meat Goat,31-12-2010,22402.7992,22258.10938
50,Meat Goat,31-12-2011,22428.61191,22143.1875
51,Meat Goat,31-12-2012,22439.42324,22014.76953
52,Meat Goat,31-12-2013,22070.28395,21907.88281
53,Meat Goat,31-12-2014,21641.9072,21797
54,Meat Goat,31-12-2015,20943.17541,21682.07813
55,Meat Goat,31-12-2016,21203.92788,21553.66016
56,Meat Goat,31-12-2017,20576.37973,21446.77344
57,Meat Goat,31-12-2018,20834.16749,21389.69141
58,Meat Goat,31-12-2019,20493.68104,21294.51563
59,Meat Goat,31-12-2020,19976.43808,21195.48633
60,Meat Goat,31-12-2021,20317.38656,21019.95508
61,Meat Goat,31-12-2022,20781.04123,20928.58203
62,Meat Goat,31-12-2023,20762.78877,20833.40625
63,Meat Goat,31-12-2024,20544.38903,20734.37695
64,Meat Goat,31-12-2025,20614.7941,20558.84375
65,Meat Goat,31-12-2026,20579.20119,20467.47266
66,Meat Goat,31-12-2027,20871.28495,20372.29688
67,Meat Goat,31-12-2028,20759.58345,20273.26758
68,Meat Goat,31-12-2029,21157.39797,20097.73633
69,Meat Goat,31-12-2030,21769.30248,20006.36328
70,Meat Goat,31-12-2031,22013.4159,19911.18945
71,Meat Goat,31-12-2032,21008.18703,19812.16016
72,Meat Goat,31-12-2033,20396.48683,19636.62695
73,Meat Goat,31-12-2034,19653.91842,19545.25391
74,Meat Goat,31-12-2035,19226.80597,19450.08008
75,Meat Goat,31-12-2036,19087.11931,19351.05078
76,Meat Goat,31-12-2037,18783.73909,19175.51953
77,Meat Goat,31-12-2038,18888.25897,19084.14648
78,Meat Goat,31-12-2039,19065.78672,18988.9707
79,Meat Goat,31-12-2040,19180.6671,18889.94141
80,Meat Goat,31-12-2041,18916.87227,18714.41016
81,Meat Goat,31-12-2042,18816.49766,18623.03711
82,Meat Goat,31-12-2043,18384.1795,18527.86328
83,Meat Goat,31-12-2044,17811.03104,18428.83203
84,Meat Goat,31-12-2045,17756.76503,18253.30078
85,Meat Goat,31-12-2046,18026.75408,18161.92773
86,Meat Goat,31-12-2047,18055.04988,18066.75391
87,Meat Goat,31-12-2048,18743.26206,17967.72461
88,Meat Goat,31-12-2049,19572.11355,17792.19336
89,Meat Goat,31-12-2050,19553.69431,17700.82031
90,Meat Goat,31-12-2051,19333.27564,17605.64453
91,Meat Goat,31-12-2052,19268.66328,17506.61523
92,Meat Goat,31-12-2053,18891.19237,17331.08203
93,Meat Goat,31-12-2054,18892.48022,17239.71094
94,Meat Goat,31-12-2055,18775.27087,17144.53516
95,Meat Goat,31-12-2056,18388.3838,17045.50586
96,Meat Goat,31-12-2057,18361.8361,16869.97461
97,Meat Goat,31-12-2058,18388.94676,16778.60156
98,Meat Goat,31-12-2059,17700.60995,16683.42773
99,Meat Goat,31-12-2060,17356.31437,16584.39844
100,Meat Goat,31-12-2061,17573.76061,16408.86719
101,Meat Goat,31-12-2062,17495.23471,16317.49219
102,Meat Goat,31-12-2063,17254.76872,16222.31934
103,Meat Goat,31-12-2064,17330.98994,16123.28906
104,Meat Goat,31-12-2065,17444.06695,15947.75781
105,Meat Goat,31-12-2066,17574.86396,15856.38379
106,Meat Goat,31-12-2067,17668.90462,15761.20898
0,Meat Pig,31-12-1961,895.7644525,853.2409668
1,Meat Pig,31-12-1962,882.0972682,867.8727417
2,Meat Pig,31-12-1963,873.2317351,882.4361572
3,Meat Pig,31-12-1964,866.3953691,891.5134277
4,Meat Pig,31-12-1965,859.1125784,916.4457397
5,Meat Pig,31-12-1966,853.9805935,955.7359619
6,Meat Pig,31-12-1967,942.5587019,994.9577637
7,Meat Pig,31-12-1968,994.2241009,1028.761108
8,Meat Pig,31-12-1969,1000.248739,1068.117432
9,Meat Pig,31-12-1970,1073.882241,1108.217285
10,Meat Pig,31-12-1971,1177.44661,1148.411499
11,Meat Pig,31-12-1972,1217.99945,1183.189575
12,Meat Pig,31-12-1973,1216.947492,1223.518311
13,Meat Pig,31-12-1974,1240.155512,1268.243652
14,Meat Pig,31-12-1975,1270.778471,1326.246338
15,Meat Pig,31-12-1976,1311.031,1378.881836
16,Meat Pig,31-12-1977,1391.487049,1437.019043
17,Meat Pig,31-12-1978,1461.292439,1495.089966
18,Meat Pig,31-12-1979,1531.609273,1551.545532
19,Meat Pig,31-12-1980,1634.915729,1601.859619
20,Meat Pig,31-12-1981,1731.48839,1657.681885
21,Meat Pig,31-12-1982,1788.175467,1713.437988
22,Meat Pig,31-12-1983,1780.695397,1768.209839
23,Meat Pig,31-12-1984,1808.959966,1807.86792
24,Meat Pig,31-12-1985,1814.275828,1853.063477
25,Meat Pig,31-12-1986,1823.390855,1898.192627
26,Meat Pig,31-12-1987,1888.344434,1943.253418
27,Meat Pig,31-12-1988,1957.90071,1990.92041
28,Meat Pig,31-12-1989,2025.109785,2051.921387
29,Meat Pig,31-12-1990,2124.124146,2112.856201
30,Meat Pig,31-12-1991,2185.502151,2173.722412
31,Meat Pig,31-12-1992,2259.398819,2229.229492
32,Meat Pig,31-12-1993,2229.27538,2251.571533
33,Meat Pig,31-12-1994,2263.563847,2270.689453
34,Meat Pig,31-12-1995,2265.460318,2289.739258
35,Meat Pig,31-12-1996,2291.679723,2303.314941
36,Meat Pig,31-12-1997,2323.805125,2316.796387
37,Meat Pig,31-12-1998,2338.92638,2319.253174
38,Meat Pig,31-12-1999,2332.751536,2321.641602
39,Meat Pig,31-12-2000,2339.239727,2318.510742
40,Meat Pig,31-12-2001,2335.509934,2321.033691
41,Meat Pig,31-12-2002,2319.863939,2266.65332
42,Meat Pig,31-12-2003,2306.64773,2194.260986
43,Meat Pig,31-12-2004,2134.01971,2116.144287
44,Meat Pig,31-12-2005,2043.658869,2043.886475
45,Meat Pig,31-12-2006,1944.059447,1977.448242
46,Meat Pig,31-12-2007,1851.660508,1938.155273
47,Meat Pig,31-12-2008,1876.891099,1893.228271
48,Meat Pig,31-12-2009,1840.975513,1854.06958
49,Meat Pig,31-12-2010,1782.538213,1814.844727
50,Meat Pig,31-12-2011,1788.81134,1775.551636
51,Meat Pig,31-12-2012,1729.774072,1730.624756
52,Meat Pig,31-12-2013,1702.516159,1691.466187
53,Meat Pig,31-12-2014,1673.709541,1652.241333
54,Meat Pig,31-12-2015,1634.191495,1612.948242
55,Meat Pig,31-12-2016,1475.360511,1568.02124
56,Meat Pig,31-12-2017,1461.032823,1528.862549
57,Meat Pig,31-12-2018,1438.690087,1522.518799
58,Meat Pig,31-12-2019,1406.417821,1483.54541
59,Meat Pig,31-12-2020,1417.317076,1444.512573
60,Meat Pig,31-12-2021,1396.561148,1398.831055
61,Meat Pig,31-12-2022,1332.374989,1359.915405
62,Meat Pig,31-12-2023,1291.859728,1320.942139
63,Meat Pig,31-12-2024,1224.696084,1281.90918
64,Meat Pig,31-12-2025,1165.353422,1236.227295
65,Meat Pig,31-12-2026,1076.930545,1197.311646
66,Meat Pig,31-12-2027,1036.31607,1158.338379
67,Meat Pig,31-12-2028,998.7526687,1119.30542
68,Meat Pig,31-12-2029,967.2906775,1073.623901
69,Meat Pig,31-12-2030,982.5521644,1034.708252
70,Meat Pig,31-12-2031,977.691376,995.7350464
71,Meat Pig,31-12-2032,983.6155427,956.7021484
72,Meat Pig,31-12-2033,937.3898033,911.0203857
73,Meat Pig,31-12-2034,909.2661979,872.1049194
74,Meat Pig,31-12-2035,857.2722668,833.1314697
75,Meat Pig,31-12-2036,802.7992451,794.0987549
76,Meat Pig,31-12-2037,783.6813625,748.4172363
77,Meat Pig,31-12-2038,762.0162454,709.5014648
78,Meat Pig,31-12-2039,785.0952719,670.5280151
79,Meat Pig,31-12-2040,789.3736202,631.4949341
80,Meat Pig,31-12-2041,836.544728,585.8133545
81,Meat Pig,31-12-2042,852.6134164,546.8978882
82,Meat Pig,31-12-2043,864.222737,507.924469
83,Meat Pig,31-12-2044,862.2323769,468.8917236
84,Meat Pig,31-12-2045,841.2549737,423.2101746
85,Meat Pig,31-12-2046,830.035326,384.294342
86,Meat Pig,31-12-2047,810.6624304,345.3212891
87,Meat Pig,31-12-2048,835.3042335,306.288208
88,Meat Pig,31-12-2049,864.9956426,260.6066284
89,Meat Pig,31-12-2050,916.8036679,221.6911621
90,Meat Pig,31-12-2051,979.0847101,182.7177124
91,Meat Pig,31-12-2052,1027.9685,143.6849976
92,Meat Pig,31-12-2053,1078.293698,98.00305176
93,Meat Pig,31-12-2054,1090.087603,59.08728027
94,Meat Pig,31-12-2055,1112.647012,20.11419678
95,Meat Pig,31-12-2056,1109.882102,-18.91888428
96,Meat Pig,31-12-2057,1123.730188,-64.60046387
97,Meat Pig,31-12-2058,1150.032258,-103.5159302
98,Meat Pig,31-12-2059,1192.956465,-142.4893799
99,Meat Pig,31-12-2060,1264.513504,-181.5220337
100,Meat Pig,31-12-2061,1326.264748,-227.2036743
101,Meat Pig,31-12-2062,1408.279034,-266.1194458
102,Meat Pig,31-12-2063,1454.529811,-305.0925903
103,Meat Pig,31-12-2064,1497.898533,-344.1256714
104,Meat Pig,31-12-2065,1512.176673,-389.8071899
105,Meat Pig,31-12-2066,1523.187022,-428.7229614
106,Meat Pig,31-12-2067,1535.170542,-467.6964722
0,Meat Sheep,31-12-1961,8056.37975,7906.660156
1,Meat Sheep,31-12-1962,8027.414298,7955.457031
2,Meat Sheep,31-12-1963,8043.066538,8004.20166
3,Meat Sheep,31-12-1964,8143.161171,8127.397461
4,Meat Sheep,31-12-1965,8169.981439,8125.674316
5,Meat Sheep,31-12-1966,8249.682607,8052.625977
6,Meat Sheep,31-12-1967,8182.340702,7979.525879
7,Meat Sheep,31-12-1968,8090.164355,7980.542969
8,Meat Sheep,31-12-1969,7952.630011,7907.54541
9,Meat Sheep,31-12-1970,7917.343437,7856.475586
10,Meat Sheep,31-12-1971,7810.570909,7809.765137
11,Meat Sheep,31-12-1972,7857.33804,7837.244141
12,Meat Sheep,31-12-1973,7834.273353,7790.63623
13,Meat Sheep,31-12-1974,7944.245871,7798.124023
14,Meat Sheep,31-12-1975,7967.793928,7967.470215
15,Meat Sheep,31-12-1976,8004.065667,8211.597656
16,Meat Sheep,31-12-1977,8197.863284,8381.046875
17,Meat Sheep,31-12-1978,8370.483353,8550.445313
18,Meat Sheep,31-12-1979,8703.475245,8699.098633
19,Meat Sheep,31-12-1980,8974.586809,8912.181641
20,Meat Sheep,31-12-1981,9242.33243,9050.669922
21,Meat Sheep,31-12-1982,9747.075095,9189.108398
22,Meat Sheep,31-12-1983,9476.993595,9308.756836
23,Meat Sheep,31-12-1984,9288.44833,9303.811523
24,Meat Sheep,31-12-1985,9191.518947,9224.868164
25,Meat Sheep,31-12-1986,9102.372783,9145.874023
26,Meat Sheep,31-12-1987,8907.171413,9066.827148
27,Meat Sheep,31-12-1988,9211.405696,9054.991211
28,Meat Sheep,31-12-1989,9473.013583,8962.449219
29,Meat Sheep,31-12-1990,9435.979302,8869.855469
30,Meat Sheep,31-12-1991,8218.717711,8777.209961
31,Meat Sheep,31-12-1992,8651.585502,8758.62793
32,Meat Sheep,31-12-1993,9047.928188,8961.140625
33,Meat Sheep,31-12-1994,9054.251207,9187.703125
34,Meat Sheep,31-12-1995,9588.761499,9414.214844
35,Meat Sheep,31-12-1996,9761.621471,9715.664063
36,Meat Sheep,31-12-1997,9828.840464,9887.841797
37,Meat Sheep,31-12-1998,9961.094159,9955.367188
38,Meat Sheep,31-12-1999,10271.55084,10022.83984
39,Meat Sheep,31-12-2000,10235.47396,10164.81445
40,Meat Sheep,31-12-2001,10274.63723,10232.38965
41,Meat Sheep,31-12-2002,10302.03336,10523.24512
42,Meat Sheep,31-12-2003,10591.80929,10884.55469
43,Meat Sheep,31-12-2004,10996.48321,11321.16797
44,Meat Sheep,31-12-2005,11557.92846,11682.58008
45,Meat Sheep,31-12-2006,12070.14142,11949.47363
46,Meat Sheep,31-12-2007,12053.39821,11779.57813
47,Meat Sheep,31-12-2008,11935.25781,11683.5332
48,Meat Sheep,31-12-2009,11677.82272,11513.74023
49,Meat Sheep,31-12-2010,11427.29961,11343.89648
50,Meat Sheep,31-12-2011,11267.29521,11174
51,Meat Sheep,31-12-2012,11078.21253,11077.95703
52,Meat Sheep,31-12-2013,10833.60089,10908.16211
53,Meat Sheep,31-12-2014,10681.99088,10738.31836
54,Meat Sheep,31-12-2015,10775.24832,10568.42383
55,Meat Sheep,31-12-2016,10982.46176,10472.37891
56,Meat Sheep,31-12-2017,10762.87686,10302.58496
57,Meat Sheep,31-12-2018,10880.94727,10375.8916
58,Meat Sheep,31-12-2019,10949.85395,10206.24121
59,Meat Sheep,31-12-2020,11264.04926,10036.54492
60,Meat Sheep,31-12-2021,11569.3374,9939.920898
61,Meat Sheep,31-12-2022,11896.55955,9770.314453
62,Meat Sheep,31-12-2023,12256.32834,9600.664063
63,Meat Sheep,31-12-2024,12357.72091,9430.96875
64,Meat Sheep,31-12-2025,12475.01244,9334.342773
65,Meat Sheep,31-12-2026,12498.46683,9164.736328
66,Meat Sheep,31-12-2027,12581.42933,8995.085938
67,Meat Sheep,31-12-2028,12526.36764,8825.389648
68,Meat Sheep,31-12-2029,12613.14689,8728.765625
69,Meat Sheep,31-12-2030,12669.77162,8559.15918
70,Meat Sheep,31-12-2031,12616.71942,8389.508789
71,Meat Sheep,31-12-2032,12768.18285,8219.8125
72,Meat Sheep,31-12-2033,12578.49947,8123.187988
73,Meat Sheep,31-12-2034,12463.60724,7953.581543
74,Meat Sheep,31-12-2035,12392.8213,7783.931152
75,Meat Sheep,31-12-2036,12241.18422,7614.234863
76,Meat Sheep,31-12-2037,12302.8227,7517.610352
77,Meat Sheep,31-12-2038,12367.04259,7348.004883
78,Meat Sheep,31-12-2039,12533.34487,7178.353516
79,Meat Sheep,31-12-2040,12664.19974,7008.657227
80,Meat Sheep,31-12-2041,12838.84922,6912.032715
81,Meat Sheep,31-12-2042,12935.06565,6742.426758
82,Meat Sheep,31-12-2043,12983.0312,6572.775879
83,Meat Sheep,31-12-2044,13123.62302,6403.07959
84,Meat Sheep,31-12-2045,13099.20309,6306.455078
85,Meat Sheep,31-12-2046,13333.34162,6136.849121
86,Meat Sheep,31-12-2047,13514.20522,5967.198242
87,Meat Sheep,31-12-2048,13628.16079,5797.501953
88,Meat Sheep,31-12-2049,13875.4822,5700.87793
89,Meat Sheep,31-12-2050,13877.10652,5531.271484
90,Meat Sheep,31-12-2051,13916.28305,5361.621094
91,Meat Sheep,31-12-2052,13880.91389,5191.925781
92,Meat Sheep,31-12-2053,13807.35251,5095.299805
93,Meat Sheep,31-12-2054,13793.14834,4925.694336
94,Meat Sheep,31-12-2055,13812.02547,4756.043457
95,Meat Sheep,31-12-2056,13898.4259,4586.347168
96,Meat Sheep,31-12-2057,13922.46493,4489.722656
97,Meat Sheep,31-12-2058,14078.18957,4320.116211
98,Meat Sheep,31-12-2059,14044.05536,4150.46582
99,Meat Sheep,31-12-2060,14017.53585,3980.769775
100,Meat Sheep,31-12-2061,14078.72064,3884.14502
101,Meat Sheep,31-12-2062,13980.66134,3714.539063
102,Meat Sheep,31-12-2063,14116.65465,3544.888672
103,Meat Sheep,31-12-2064,14210.94039,3375.192383
104,Meat Sheep,31-12-2065,14342.62818,3278.567383
105,Meat Sheep,31-12-2066,14567.53797,3108.961426
106,Meat Sheep,31-12-2067,14663.37401,2939.311035
0,Milk Whole Fresh Buffalo,31-12-1961,19396.52896,18750.8418
1,Milk Whole Fresh Buffalo,31-12-1962,19155.64556,19000.16797
2,Milk Whole Fresh Buffalo,31-12-1963,19596.65174,19259.92773
3,Milk Whole Fresh Buffalo,31-12-1964,20154.63776,19492.54492
4,Milk Whole Fresh Buffalo,31-12-1965,20505.58004,19746.94531
5,Milk Whole Fresh Buffalo,31-12-1966,19284.7273,20033.8125
6,Milk Whole Fresh Buffalo,31-12-1967,19990.43209,20331.11133
7,Milk Whole Fresh Buffalo,31-12-1968,20201.67991,20601.37109
8,Milk Whole Fresh Buffalo,31-12-1969,21084.46656,20877.73047
9,Milk Whole Fresh Buffalo,31-12-1970,22582.35717,21433.4668
10,Milk Whole Fresh Buffalo,31-12-1971,23136.78026,22053.60547
11,Milk Whole Fresh Buffalo,31-12-1972,23197.37323,22647.58984
12,Milk Whole Fresh Buffalo,31-12-1973,22862.85074,23246.78906
13,Milk Whole Fresh Buffalo,31-12-1974,23361.28077,23853.60156
14,Milk Whole Fresh Buffalo,31-12-1975,24095.39636,24462.19141
15,Milk Whole Fresh Buffalo,31-12-1976,25133.95132,25044.59766
16,Milk Whole Fresh Buffalo,31-12-1977,24982.30043,25632.25
17,Milk Whole Fresh Buffalo,31-12-1978,25396.22941,26230.4082
18,Milk Whole Fresh Buffalo,31-12-1979,27047.38878,27288.83594
19,Milk Whole Fresh Buffalo,31-12-1980,28856.82123,28546.09375
20,Milk Whole Fresh Buffalo,31-12-1981,29200.64926,29806.75781
21,Milk Whole Fresh Buffalo,31-12-1982,30470.97539,31077.92773
22,Milk Whole Fresh Buffalo,31-12-1983,31784.06827,32348.86914
23,Milk Whole Fresh Buffalo,31-12-1984,33343.08247,33482.11719
24,Milk Whole Fresh Buffalo,31-12-1985,35092.72006,34619.11719
25,Milk Whole Fresh Buffalo,31-12-1986,35688.151,35766.61719
26,Milk Whole Fresh Buffalo,31-12-1987,36569.28193,36924.54688
27,Milk Whole Fresh Buffalo,31-12-1988,38719.59619,37882.30469
28,Milk Whole Fresh Buffalo,31-12-1989,38975.27221,38672.9375
29,Milk Whole Fresh Buffalo,31-12-1990,41418.05576,39474.08203
30,Milk Whole Fresh Buffalo,31-12-1991,40396.0946,40285.65625
31,Milk Whole Fresh Buffalo,31-12-1992,39255.79837,41071.59375
32,Milk Whole Fresh Buffalo,31-12-1993,40769.97683,41637.28906
33,Milk Whole Fresh Buffalo,31-12-1994,41904.28403,42195.10938
34,Milk Whole Fresh Buffalo,31-12-1995,42296.40946,42763.36328
35,Milk Whole Fresh Buffalo,31-12-1996,42701.89107,43305.31641
36,Milk Whole Fresh Buffalo,31-12-1997,44698.31988,43905.8125
37,Milk Whole Fresh Buffalo,31-12-1998,44709.28198,44619.01953
38,Milk Whole Fresh Buffalo,31-12-1999,44733.76085,45342.65625
39,Milk Whole Fresh Buffalo,31-12-2000,45706.99693,46040.42969
40,Milk Whole Fresh Buffalo,31-12-2001,46677.4864,46743.125
41,Milk Whole Fresh Buffalo,31-12-2002,47519.54242,47832.00781
42,Milk Whole Fresh Buffalo,31-12-2003,48813.62327,49049.91797
43,Milk Whole Fresh Buffalo,31-12-2004,49664.05682,50243.3125
44,Milk Whole Fresh Buffalo,31-12-2005,50780.63441,51440.28125
45,Milk Whole Fresh Buffalo,31-12-2006,53027.13238,52657.40625
46,Milk Whole Fresh Buffalo,31-12-2007,53737.48469,53929.5625
47,Milk Whole Fresh Buffalo,31-12-2008,55405.85256,55177.35938
48,Milk Whole Fresh Buffalo,31-12-2009,56044.88799,56428.57813
49,Milk Whole Fresh Buffalo,31-12-2010,57628.80466,57690.30469
50,Milk Whole Fresh Buffalo,31-12-2011,59227.35818,58962.46094
51,Milk Whole Fresh Buffalo,31-12-2012,59486.93304,60210.25
52,Milk Whole Fresh Buffalo,31-12-2013,60744.95658,61461.47656
53,Milk Whole Fresh Buffalo,31-12-2014,61342.88086,62723.20313
54,Milk Whole Fresh Buffalo,31-12-2015,63913.68267,63995.35938
55,Milk Whole Fresh Buffalo,31-12-2016,65729.01753,65243.14844
56,Milk Whole Fresh Buffalo,31-12-2017,66033.85948,66494.36719
57,Milk Whole Fresh Buffalo,31-12-2018,66392.76024,66586.28125
58,Milk Whole Fresh Buffalo,31-12-2019,66168.90629,67805.49219
59,Milk Whole Fresh Buffalo,31-12-2020,67152.93985,69035.42969
60,Milk Whole Fresh Buffalo,31-12-2021,66967.19543,70410.78125
61,Milk Whole Fresh Buffalo,31-12-2022,68036.11708,71619.17969
62,Milk Whole Fresh Buffalo,31-12-2023,69111.52967,72838.375
63,Milk Whole Fresh Buffalo,31-12-2024,70367.31882,74068.32031
64,Milk Whole Fresh Buffalo,31-12-2025,71596.64524,75443.67969
65,Milk Whole Fresh Buffalo,31-12-2026,71281.74652,76652.07813
66,Milk Whole Fresh Buffalo,31-12-2027,72737.30405,77871.28125
67,Milk Whole Fresh Buffalo,31-12-2028,73127.26302,79101.21875
68,Milk Whole Fresh Buffalo,31-12-2029,74444.22154,80476.57813
69,Milk Whole Fresh Buffalo,31-12-2030,76071.96623,81684.97656
70,Milk Whole Fresh Buffalo,31-12-2031,76852.13489,82904.17969
71,Milk Whole Fresh Buffalo,31-12-2032,77259.66548,84134.11719
72,Milk Whole Fresh Buffalo,31-12-2033,78767.60752,85509.46875
73,Milk Whole Fresh Buffalo,31-12-2034,80230.91322,86717.85938
74,Milk Whole Fresh Buffalo,31-12-2035,80738.39437,87937.0625
75,Milk Whole Fresh Buffalo,31-12-2036,82474.94255,89167.00781
76,Milk Whole Fresh Buffalo,31-12-2037,83512.58387,90542.35156
77,Milk Whole Fresh Buffalo,31-12-2038,84743.61235,91750.75
78,Milk Whole Fresh Buffalo,31-12-2039,85273.75736,92969.96094
79,Milk Whole Fresh Buffalo,31-12-2040,86058.99581,94199.90625
80,Milk Whole Fresh Buffalo,31-12-2041,86611.14641,95575.26563
81,Milk Whole Fresh Buffalo,31-12-2042,87654.45636,96783.66406
82,Milk Whole Fresh Buffalo,31-12-2043,88698.77845,98002.85938
83,Milk Whole Fresh Buffalo,31-12-2044,89438.03309,99232.80469
84,Milk Whole Fresh Buffalo,31-12-2045,89713.95588,100608.1563
85,Milk Whole Fresh Buffalo,31-12-2046,90025.47397,101816.5469
86,Milk Whole Fresh Buffalo,31-12-2047,90442.98496,103035.75
87,Milk Whole Fresh Buffalo,31-12-2048,90987.73324,104265.6875
88,Milk Whole Fresh Buffalo,31-12-2049,91677.20254,105641.0391
89,Milk Whole Fresh Buffalo,31-12-2050,92674.46785,106849.4453
90,Milk Whole Fresh Buffalo,31-12-2051,93543.36173,108068.6484
91,Milk Whole Fresh Buffalo,31-12-2052,94524.23355,109298.5938
92,Milk Whole Fresh Buffalo,31-12-2053,95050.83768,110673.9531
93,Milk Whole Fresh Buffalo,31-12-2054,95600.0688,111882.3516
94,Milk Whole Fresh Buffalo,31-12-2055,96949.24959,113101.5469
95,Milk Whole Fresh Buffalo,31-12-2056,97454.61062,114331.4922
96,Milk Whole Fresh Buffalo,31-12-2057,99156.84151,115706.8359
97,Milk Whole Fresh Buffalo,31-12-2058,99922.62069,116915.2344
98,Milk Whole Fresh Buffalo,31-12-2059,100627.3078,118134.4453
99,Milk Whole Fresh Buffalo,31-12-2060,101564.5441,119364.3906
100,Milk Whole Fresh Buffalo,31-12-2061,102385.5577,120739.7344
101,Milk Whole Fresh Buffalo,31-12-2062,103108.8406,121948.1328
102,Milk Whole Fresh Buffalo,31-12-2063,104132.5622,123167.3359
103,Milk Whole Fresh Buffalo,31-12-2064,105487.5755,124397.2734
104,Milk Whole Fresh Buffalo,31-12-2065,105891.4168,125772.625
105,Milk Whole Fresh Buffalo,31-12-2066,106814.0141,126981.0234
106,Milk Whole Fresh Buffalo,31-12-2067,107038.9651,128200.2344
0,Milk Whole Fresh Cow,31-12-1961,30799.77106,30051.77148
1,Milk Whole Fresh Cow,31-12-1962,29252.44358,30584.04883
2,Milk Whole Fresh Cow,31-12-1963,28645.09157,31116.35938
3,Milk Whole Fresh Cow,31-12-1964,25994.24855,31223.35547
4,Milk Whole Fresh Cow,31-12-1965,33815.03851,31751.82422
5,Milk Whole Fresh Cow,31-12-1966,32767.15566,32275.20898
6,Milk Whole Fresh Cow,31-12-1967,32608.81943,32798.62891
7,Milk Whole Fresh Cow,31-12-1968,33526.41094,32896.70703
8,Milk Whole Fresh Cow,31-12-1969,32091.27683,33419.97656
9,Milk Whole Fresh Cow,31-12-1970,33782.82538,34061.28906
10,Milk Whole Fresh Cow,31-12-1971,35965.28534,34726.31641
11,Milk Whole Fresh Cow,31-12-1972,33554.24177,34966.38281
12,Milk Whole Fresh Cow,31-12-1973,34033.35833,35631.25781
13,Milk Whole Fresh Cow,31-12-1974,34847.6719,36491.72266
14,Milk Whole Fresh Cow,31-12-1975,37799.78857,37936.75
15,Milk Whole Fresh Cow,31-12-1976,38271.434,38958.96094
16,Milk Whole Fresh Cow,31-12-1977,37770.7586,40403.84375
17,Milk Whole Fresh Cow,31-12-1978,41974.02729,41848.83984
18,Milk Whole Fresh Cow,31-12-1979,41310.18481,42832.42578
19,Milk Whole Fresh Cow,31-12-1980,41815.24622,43162.375
20,Milk Whole Fresh Cow,31-12-1981,42949.58749,43916.88281
21,Milk Whole Fresh Cow,31-12-1982,44848.9748,44671.50391
22,Milk Whole Fresh Cow,31-12-1983,46226.93268,45484.98438
23,Milk Whole Fresh Cow,31-12-1984,47121.61287,46499.35938
24,Milk Whole Fresh Cow,31-12-1985,47375.23825,47936.4375
25,Milk Whole Fresh Cow,31-12-1986,49935.22702,49373.62109
26,Milk Whole Fresh Cow,31-12-1987,51202.80445,50810.84375
27,Milk Whole Fresh Cow,31-12-1988,50697.6165,51450.99219
28,Milk Whole Fresh Cow,31-12-1989,51627.65118,52149.48438
29,Milk Whole Fresh Cow,31-12-1990,52822.2427,52848.09375
30,Milk Whole Fresh Cow,31-12-1991,53271.46948,53546.73828
31,Milk Whole Fresh Cow,31-12-1992,51737.13245,53820.51563
32,Milk Whole Fresh Cow,31-12-1993,54772.00315,54341.69531
33,Milk Whole Fresh Cow,31-12-1994,54708.80603,54848.51563
34,Milk Whole Fresh Cow,31-12-1995,55732.81419,55355.35938
35,Milk Whole Fresh Cow,31-12-1996,57028.86821,55436.82031
36,Milk Whole Fresh Cow,31-12-1997,56910.91771,55983.20313
37,Milk Whole Fresh Cow,31-12-1998,55675.45075,56605.97266
38,Milk Whole Fresh Cow,31-12-1999,56210.77982,57228.77344
39,Milk Whole Fresh Cow,31-12-2000,56182.397,57426.50391
40,Milk Whole Fresh Cow,31-12-2001,57687.12095,58049.15625
41,Milk Whole Fresh Cow,31-12-2002,58856.79648,59431.91406
42,Milk Whole Fresh Cow,31-12-2003,60185.36217,61054.64844
43,Milk Whole Fresh Cow,31-12-2004,60475.84676,62255.04688
44,Milk Whole Fresh Cow,31-12-2005,62234.57433,63877.62891
45,Milk Whole Fresh Cow,31-12-2006,63171.20314,65563.35938
46,Milk Whole Fresh Cow,31-12-2007,67026.69565,67540.54688
47,Milk Whole Fresh Cow,31-12-2008,68933.80117,69096.375
48,Milk Whole Fresh Cow,31-12-2009,70379.82834,71073.40625
49,Milk Whole Fresh Cow,31-12-2010,71645.99999,73050.5625
50,Milk Whole Fresh Cow,31-12-2011,75403.19752,75027.75
51,Milk Whole Fresh Cow,31-12-2012,74589.84894,76583.57031
52,Milk Whole Fresh Cow,31-12-2013,76515.38427,78560.60938
53,Milk Whole Fresh Cow,31-12-2014,77719.06191,80537.75781
54,Milk Whole Fresh Cow,31-12-2015,80076.00115,82514.94531
55,Milk Whole Fresh Cow,31-12-2016,82540.47574,84070.78125
56,Milk Whole Fresh Cow,31-12-2017,86379.37238,86047.8125
57,Milk Whole Fresh Cow,31-12-2018,85102.66012,85628.29688
58,Milk Whole Fresh Cow,31-12-2019,86111.91622,87604.54688
59,Milk Whole Fresh Cow,31-12-2020,87358.63203,89581.14063
60,Milk Whole Fresh Cow,31-12-2021,89113.30029,91139.63281
61,Milk Whole Fresh Cow,31-12-2022,88987.07021,93115.5
62,Milk Whole Fresh Cow,31-12-2023,89702.828,95091.75
63,Milk Whole Fresh Cow,31-12-2024,90161.81685,97068.34375
64,Milk Whole Fresh Cow,31-12-2025,90516.26265,98626.82813
65,Milk Whole Fresh Cow,31-12-2026,92049.85354,100602.7031
66,Milk Whole Fresh Cow,31-12-2027,92430.52247,102578.9531
67,Milk Whole Fresh Cow,31-12-2028,93197.29504,104555.5469
68,Milk Whole Fresh Cow,31-12-2029,94197.83576,106114.0313
69,Milk Whole Fresh Cow,31-12-2030,95466.09696,108089.9063
70,Milk Whole Fresh Cow,31-12-2031,96745.10121,110066.1563
71,Milk Whole Fresh Cow,31-12-2032,98475.38868,112042.75
72,Milk Whole Fresh Cow,31-12-2033,99288.5201,113601.2344
73,Milk Whole Fresh Cow,31-12-2034,100251.9502,115577.0938
74,Milk Whole Fresh Cow,31-12-2035,101224.7276,117553.3594
75,Milk Whole Fresh Cow,31-12-2036,102577.2979,119529.9531
76,Milk Whole Fresh Cow,31-12-2037,103875.2454,121088.4219
77,Milk Whole Fresh Cow,31-12-2038,104492.413,123064.2969
78,Milk Whole Fresh Cow,31-12-2039,105909.5727,125040.5625
79,Milk Whole Fresh Cow,31-12-2040,106601.0721,127017.1563
80,Milk Whole Fresh Cow,31-12-2041,108083.1039,128575.6406
81,Milk Whole Fresh Cow,31-12-2042,108937.8582,130551.5
82,Milk Whole Fresh Cow,31-12-2043,109964.1449,132527.7656
83,Milk Whole Fresh Cow,31-12-2044,110392.5852,134504.3438
84,Milk Whole Fresh Cow,31-12-2045,111262.3964,136062.8594
85,Milk Whole Fresh Cow,31-12-2046,112360.9668,138038.6875
86,Milk Whole Fresh Cow,31-12-2047,113237.5201,140014.9375
87,Milk Whole Fresh Cow,31-12-2048,113681.6014,141991.5469
88,Milk Whole Fresh Cow,31-12-2049,114549.6414,143550.0469
89,Milk Whole Fresh Cow,31-12-2050,115645.2187,145525.9063
90,Milk Whole Fresh Cow,31-12-2051,116526.0935,147502.1563
91,Milk Whole Fresh Cow,31-12-2052,118034.1663,149478.75
92,Milk Whole Fresh Cow,31-12-2053,118512.3798,151037.2656
93,Milk Whole Fresh Cow,31-12-2054,119506.7681,153013.125
94,Milk Whole Fresh Cow,31-12-2055,120314.1952,154989.375
95,Milk Whole Fresh Cow,31-12-2056,121848.1814,156965.9688
96,Milk Whole Fresh Cow,31-12-2057,122845.8978,158524.4531
97,Milk Whole Fresh Cow,31-12-2058,123896.3313,160500.3125
98,Milk Whole Fresh Cow,31-12-2059,124924.5404,162476.5469
99,Milk Whole Fresh Cow,31-12-2060,125878.5997,164453.1563
100,Milk Whole Fresh Cow,31-12-2061,127137.223,166011.6406
101,Milk Whole Fresh Cow,31-12-2062,128377.6474,167987.5
102,Milk Whole Fresh Cow,31-12-2063,129328.2119,169963.75
103,Milk Whole Fresh Cow,31-12-2064,129921.8815,171940.3438
104,Milk Whole Fresh Cow,31-12-2065,131095.8228,173498.8438
105,Milk Whole Fresh Cow,31-12-2066,131881.3842,175474.7188
106,Milk Whole Fresh Cow,31-12-2067,133087.8251,177450.9531
